"file","caption","alt_text","category","png_time","StartTime"
"bio1_sizeatage.png","Length at age in the beginning of the year (or season) in the ending year of the model. Shaded area indicates 95% distribution of length at age around estimated growth curve.",NA,"Bio",2022-05-30 13:20:49,"StartTime: Fri May 27 09:57:36 2022"
"bio2_sizeatage_plus_CV_and_SD.png","Length at age (top-left panel) with CV (thick line) and SD (thin line) of length at age shown in top-right and lower-left panels",NA,"Bio",2022-05-30 13:20:49,"StartTime: Fri May 27 09:57:36 2022"
"bio3_sizeatage_plus_WT_and_MAT.png","Length at age (top-left panel) with weight (thick line) and maturity (thin line) shown in top-right and lower-left panels",NA,"Bio",2022-05-30 13:20:49,"StartTime: Fri May 27 09:57:36 2022"
"bio1B_len_at_age_matrix_1.png","Distribution of length at age for seas: 1 sub_seas: 1 morph: 1",NA,"Bio",2022-05-30 13:20:49,"StartTime: Fri May 27 09:57:36 2022"
"bio1B_len_at_age_matrix_2.png","Distribution of length at age for seas: 1 sub_seas: 1 morph: 2",NA,"Bio",2022-05-30 13:20:49,"StartTime: Fri May 27 09:57:36 2022"
"bio1B_len_at_age_matrix_3.png","Distribution of length at age for seas: 1 sub_seas: 2 morph: 1",NA,"Bio",2022-05-30 13:20:49,"StartTime: Fri May 27 09:57:36 2022"
"bio1B_len_at_age_matrix_4.png","Distribution of length at age for seas: 1 sub_seas: 2 morph: 2",NA,"Bio",2022-05-30 13:20:49,"StartTime: Fri May 27 09:57:36 2022"
"bio1B_len_at_age_matrix_5.png","Distribution of length at age for seas: 1 sub_seas: 3 morph: 1",NA,"Bio",2022-05-30 13:20:49,"StartTime: Fri May 27 09:57:36 2022"
"bio1B_len_at_age_matrix_6.png","Distribution of length at age for seas: 1 sub_seas: 3 morph: 2",NA,"Bio",2022-05-30 13:20:49,"StartTime: Fri May 27 09:57:36 2022"
"bio1B_len_at_age_matrix_7.png","Distribution of length at age for seas: 1 sub_seas: 4 morph: 1",NA,"Bio",2022-05-30 13:20:49,"StartTime: Fri May 27 09:57:36 2022"
"bio1B_len_at_age_matrix_8.png","Distribution of length at age for seas: 1 sub_seas: 4 morph: 2",NA,"Bio",2022-05-30 13:20:49,"StartTime: Fri May 27 09:57:36 2022"
"bio5_weightatsize.png","Weight-length relationship",NA,"Bio",2022-05-30 13:20:49,"StartTime: Fri May 27 09:57:36 2022"
"bio6_maturity.png","Maturity at length",NA,"Bio",2022-05-30 13:20:49,"StartTime: Fri May 27 09:57:36 2022"
"bio7_fecundity.png","Fecundity",NA,"Bio",2022-05-30 13:20:49,"StartTime: Fri May 27 09:57:36 2022"
"bio8_fecundity_wt.png","Fecundity as a function of weight",NA,"Bio",2022-05-30 13:20:49,"StartTime: Fri May 27 09:57:36 2022"
"bio9_fecundity_len.png","Fecundity as a function of length",NA,"Bio",2022-05-30 13:20:49,"StartTime: Fri May 27 09:57:36 2022"
"bio10_spawningoutput_len.png","Spawning output at length. This is the product of maturity and fecundity unless maturity is age-based, in which case only fecundity is represented.",NA,"Bio",2022-05-30 13:20:49,"StartTime: Fri May 27 09:57:36 2022"
"bio11_spawningoutput_age.png","Spawning output at age. This is the product of maturity and fecundity. When these processes are length-based they are converted into the age dimension using the matrix of length at age.",NA,"Bio",2022-05-30 13:20:49,"StartTime: Fri May 27 09:57:36 2022"
"sel01_multiple_fleets_length1.png","Selectivity at length for multiple fleets.",NA,"Sel",2022-05-30 13:20:49,"StartTime: Fri May 27 09:57:36 2022"
"sel02_multiple_fleets_age1.png","Selectivity at age derived from selectivity at length for multiple fleets.",NA,"Sel",2022-05-30 13:20:49,"StartTime: Fri May 27 09:57:36 2022"
"sel09_len_flt1sex1.png","Female ending year selectivity for GNS",NA,"Sel",2022-05-30 13:20:49,"StartTime: Fri May 27 09:57:36 2022"
"sel09_len_flt1sex2.png","Male ending year selectivity for GNS",NA,"Sel",2022-05-30 13:20:49,"StartTime: Fri May 27 09:57:36 2022"
"sel05_timevary_ret_surf_flt2sex1.png","Surface plot of Female time-varying retention for TR_FR",NA,"Sel",2022-05-30 13:20:49,"StartTime: Fri May 27 09:57:36 2022"
"sel06_timevary_ret_contour_flt2sex1.png","Countour plot of Female time-varying retention for TR_FR",NA,"Sel",2022-05-30 13:20:49,"StartTime: Fri May 27 09:57:36 2022"
"sel09_len_flt2sex1.png","Female ending year selectivity for TR_FR",NA,"Sel",2022-05-30 13:20:49,"StartTime: Fri May 27 09:57:36 2022"
"sel05_timevary_ret_surf_flt2sex2.png","Surface plot of Male time-varying retention for TR_FR",NA,"Sel",2022-05-30 13:20:49,"StartTime: Fri May 27 09:57:36 2022"
"sel06_timevary_ret_contour_flt2sex2.png","Countour plot of Male time-varying retention for TR_FR",NA,"Sel",2022-05-30 13:20:49,"StartTime: Fri May 27 09:57:36 2022"
"sel09_len_flt2sex2.png","Male ending year selectivity for TR_FR",NA,"Sel",2022-05-30 13:20:49,"StartTime: Fri May 27 09:57:36 2022"
"sel05_timevary_ret_surf_flt3sex1.png","Surface plot of Female time-varying retention for TR_OT",NA,"Sel",2022-05-30 13:20:49,"StartTime: Fri May 27 09:57:36 2022"
"sel06_timevary_ret_contour_flt3sex1.png","Countour plot of Female time-varying retention for TR_OT",NA,"Sel",2022-05-30 13:20:49,"StartTime: Fri May 27 09:57:36 2022"
"sel09_len_flt3sex1.png","Female ending year selectivity for TR_OT",NA,"Sel",2022-05-30 13:20:49,"StartTime: Fri May 27 09:57:36 2022"
"sel05_timevary_ret_surf_flt3sex2.png","Surface plot of Male time-varying retention for TR_OT",NA,"Sel",2022-05-30 13:20:49,"StartTime: Fri May 27 09:57:36 2022"
"sel06_timevary_ret_contour_flt3sex2.png","Countour plot of Male time-varying retention for TR_OT",NA,"Sel",2022-05-30 13:20:49,"StartTime: Fri May 27 09:57:36 2022"
"sel09_len_flt3sex2.png","Male ending year selectivity for TR_OT",NA,"Sel",2022-05-30 13:20:49,"StartTime: Fri May 27 09:57:36 2022"
"sel03_len_timevary_surf_flt4sex1.png","Surface plot of Female time-varying selectivity for TR_SP",NA,"Sel",2022-05-30 13:20:49,"StartTime: Fri May 27 09:57:36 2022"
"sel04_len_timevary_contour_flt4sex1.png","Countour plot of Female time-varying selectivity for TR_SP",NA,"Sel",2022-05-30 13:20:49,"StartTime: Fri May 27 09:57:36 2022"
"sel09_len_flt4sex1.png","Female ending year selectivity for TR_SP",NA,"Sel",2022-05-30 13:20:49,"StartTime: Fri May 27 09:57:36 2022"
"sel03_len_timevary_surf_flt4sex2.png","Surface plot of Male time-varying selectivity for TR_SP",NA,"Sel",2022-05-30 13:20:49,"StartTime: Fri May 27 09:57:36 2022"
"sel04_len_timevary_contour_flt4sex2.png","Countour plot of Male time-varying selectivity for TR_SP",NA,"Sel",2022-05-30 13:20:49,"StartTime: Fri May 27 09:57:36 2022"
"sel09_len_flt4sex2.png","Male ending year selectivity for TR_SP",NA,"Sel",2022-05-30 13:20:49,"StartTime: Fri May 27 09:57:36 2022"
"sel09_len_flt5sex1.png","Female ending year selectivity for FR-IE-IBTS",NA,"Sel",2022-05-30 13:20:49,"StartTime: Fri May 27 09:57:36 2022"
"sel09_len_flt5sex2.png","Male ending year selectivity for FR-IE-IBTS",NA,"Sel",2022-05-30 13:20:49,"StartTime: Fri May 27 09:57:36 2022"
"sel09_len_flt6sex1.png","Female ending year selectivity for IE_MONKSURVEY",NA,"Sel",2022-05-30 13:20:49,"StartTime: Fri May 27 09:57:36 2022"
"sel09_len_flt6sex2.png","Male ending year selectivity for IE_MONKSURVEY",NA,"Sel",2022-05-30 13:20:49,"StartTime: Fri May 27 09:57:36 2022"
"sel09_len_flt7sex1.png","Female ending year selectivity for SPGFS",NA,"Sel",2022-05-30 13:20:49,"StartTime: Fri May 27 09:57:36 2022"
"sel09_len_flt7sex2.png","Male ending year selectivity for SPGFS",NA,"Sel",2022-05-30 13:20:49,"StartTime: Fri May 27 09:57:36 2022"
"sel21_agelen_contour_flt1sex1.png","Female ending year selectivity and growth for GNS",NA,"Sel",2022-05-30 13:20:49,"StartTime: Fri May 27 09:57:36 2022"
"sel21_agelen_contour_flt1sex2.png","Male ending year selectivity and growth for GNS",NA,"Sel",2022-05-30 13:20:49,"StartTime: Fri May 27 09:57:36 2022"
"sel21_agelen_contour_flt2sex1.png","Female ending year selectivity and growth for TR_FR",NA,"Sel",2022-05-30 13:20:49,"StartTime: Fri May 27 09:57:36 2022"
"sel21_agelen_contour_flt2sex2.png","Male ending year selectivity and growth for TR_FR",NA,"Sel",2022-05-30 13:20:49,"StartTime: Fri May 27 09:57:36 2022"
"sel21_agelen_contour_flt3sex1.png","Female ending year selectivity and growth for TR_OT",NA,"Sel",2022-05-30 13:20:49,"StartTime: Fri May 27 09:57:36 2022"
"sel21_agelen_contour_flt3sex2.png","Male ending year selectivity and growth for TR_OT",NA,"Sel",2022-05-30 13:20:49,"StartTime: Fri May 27 09:57:36 2022"
"sel21_agelen_contour_flt4sex1.png","Female ending year selectivity and growth for TR_SP",NA,"Sel",2022-05-30 13:20:49,"StartTime: Fri May 27 09:57:36 2022"
"sel21_agelen_contour_flt4sex2.png","Male ending year selectivity and growth for TR_SP",NA,"Sel",2022-05-30 13:20:49,"StartTime: Fri May 27 09:57:36 2022"
"sel21_agelen_contour_flt5sex1.png","Female ending year selectivity and growth for FR-IE-IBTS",NA,"Sel",2022-05-30 13:20:49,"StartTime: Fri May 27 09:57:36 2022"
"sel21_agelen_contour_flt5sex2.png","Male ending year selectivity and growth for FR-IE-IBTS",NA,"Sel",2022-05-30 13:20:49,"StartTime: Fri May 27 09:57:36 2022"
"sel21_agelen_contour_flt6sex1.png","Female ending year selectivity and growth for IE_MONKSURVEY",NA,"Sel",2022-05-30 13:20:49,"StartTime: Fri May 27 09:57:36 2022"
"sel21_agelen_contour_flt6sex2.png","Male ending year selectivity and growth for IE_MONKSURVEY",NA,"Sel",2022-05-30 13:20:49,"StartTime: Fri May 27 09:57:36 2022"
"sel21_agelen_contour_flt7sex1.png","Female ending year selectivity and growth for SPGFS",NA,"Sel",2022-05-30 13:20:49,"StartTime: Fri May 27 09:57:36 2022"
"sel21_agelen_contour_flt7sex2.png","Male ending year selectivity and growth for SPGFS",NA,"Sel",2022-05-30 13:20:49,"StartTime: Fri May 27 09:57:36 2022"
"ts7_Spawning_biomass_(mt).png","Spawning biomass (mt)",NA,"Timeseries",2022-05-30 13:20:49,"StartTime: Fri May 27 09:57:36 2022"
"ts9_Relative_spawning_biomass.png","Relative spawning biomass: B/(40%*B_MSY)",NA,"Timeseries",2022-05-30 13:20:49,"StartTime: Fri May 27 09:57:36 2022"
"ts1_Total_biomass_(mt).png","Total biomass (mt)",NA,"Timeseries",2022-05-30 13:20:49,"StartTime: Fri May 27 09:57:36 2022"
"ts4_Summary_biomass_(mt).png","Summary biomass (mt)",NA,"Timeseries",2022-05-30 13:20:49,"StartTime: Fri May 27 09:57:36 2022"
"ts11_Age-0_recruits_(1000s).png","Age-0 recruits (1,000s)",NA,"Timeseries",2022-05-30 13:20:49,"StartTime: Fri May 27 09:57:36 2022"
"ts_summaryF.png","Summary F (definition of F depends on setting in starter.ss)",NA,"Timeseries",2022-05-30 13:20:49,"StartTime: Fri May 27 09:57:36 2022"
"ts_DynamicB0.png","Dynamic B0 plot. The lower line shows the time series of estimated Spawning biomass (mt) in the presence of fishing mortality. The upper line shows the time series that could occur under the same dynamics (including deviations in recruitment), but without fishing. The point at the left represents the unfished equilibrium.",NA,"Timeseries",2022-05-30 13:20:49,"StartTime: Fri May 27 09:57:36 2022"
"recdevs1_points.png","Recruitment deviations",NA,"RecDev",2022-05-30 13:20:49,"StartTime: Fri May 27 09:57:36 2022"
"SR_curve.png","Stock-recruit curve.  Point colors indicate year, with warmer colors indicating earlier years and cooler colors in showing later years.",NA,"S-R",2022-05-30 13:20:49,"StartTime: Fri May 27 09:57:36 2022"
"SR_curve2.png","Stock-recruit curve with labels on first, last, and years with (log) deviations > 0.5. Point colors indicate year, with warmer colors indicating earlier years and cooler colors in showing later years.",NA,"S-R",2022-05-30 13:20:49,"StartTime: Fri May 27 09:57:36 2022"
"SR_resids.png","Deviations around the stock-recruit curve. Labels are on first, last, and years with (log) deviations > 0.5. Point colors indicate year, with warmer colors indicating earlier years and cooler colors in showing later years.",NA,"S-R",2022-05-30 13:20:49,"StartTime: Fri May 27 09:57:36 2022"
"catch1 landings.png","landings",NA,"Catch",2022-05-30 13:20:49,"StartTime: Fri May 27 09:57:36 2022"
"catch2 landings stacked.png","landings stacked",NA,"Catch",2022-05-30 13:20:49,"StartTime: Fri May 27 09:57:36 2022"
"catch3 observed and expected landings (if different).png","observed and expected landings (if different). Catch input in numbers is compared here to catch in biomass, making this figure less useful for models like this with catch in numbers. Future versions of this plot will be improve to compare catch in the same units.",NA,"Catch",2022-05-30 13:20:49,"StartTime: Fri May 27 09:57:36 2022"
"catch4 total catch (including discards).png","total catch (including discards)",NA,"Catch",2022-05-30 13:20:49,"StartTime: Fri May 27 09:57:36 2022"
"catch5 total catch (including discards) stacked.png","total catch (including discards) stacked",NA,"Catch",2022-05-30 13:20:49,"StartTime: Fri May 27 09:57:36 2022"
"catch6 discards.png","discards",NA,"Catch",2022-05-30 13:20:49,"StartTime: Fri May 27 09:57:36 2022"
"catch7 discards stacked plot (depends on multiple fleets).png","discards stacked plot (depends on multiple fleets)",NA,"Catch",2022-05-30 13:20:49,"StartTime: Fri May 27 09:57:36 2022"
"catch8 discard fraction.png","discard fraction",NA,"Catch",2022-05-30 13:20:49,"StartTime: Fri May 27 09:57:36 2022"
"catch9 harvest rate.png","harvest rate",NA,"Catch",2022-05-30 13:20:49,"StartTime: Fri May 27 09:57:36 2022"
"catch16 landings + dead discards.png"," landings + dead discards",NA,"Catch",2022-05-30 13:20:49,"StartTime: Fri May 27 09:57:36 2022"
"SPR1_series.png","Timeseries of SPR. Horizontal line is at SPR at MSY: 0.196",NA,"SPR",2022-05-30 13:20:49,"StartTime: Fri May 27 09:57:36 2022"
"SPR2_minusSPRseries.png","Timeseries of 1-SPR. Horizontal line is at 1 - SPR at MSY: 1 - 0.196 = 0.804",NA,"SPR",2022-05-30 13:20:49,"StartTime: Fri May 27 09:57:36 2022"
"SPR3_ratiointerval.png","Timeseries of SPR ratio: (1-SPR)/(1-SPR_MSY)",NA,"SPR",2022-05-30 13:20:49,"StartTime: Fri May 27 09:57:36 2022"
"discard_dataGNS.png","Total discard for GNS",NA,"Discard",2022-05-30 13:20:49,"StartTime: Fri May 27 09:57:36 2022"
"discard_fitGNS.png","Total discard for GNS",NA,"Discard",2022-05-30 13:20:49,"StartTime: Fri May 27 09:57:36 2022"
"discard_dataTR_FR.png","Total discard for TR_FR",NA,"Discard",2022-05-30 13:20:49,"StartTime: Fri May 27 09:57:36 2022"
"discard_fitTR_FR.png","Total discard for TR_FR",NA,"Discard",2022-05-30 13:20:49,"StartTime: Fri May 27 09:57:36 2022"
"discard_dataTR_OT.png","Total discard for TR_OT",NA,"Discard",2022-05-30 13:20:49,"StartTime: Fri May 27 09:57:36 2022"
"discard_fitTR_OT.png","Total discard for TR_OT",NA,"Discard",2022-05-30 13:20:49,"StartTime: Fri May 27 09:57:36 2022"
"discard_dataTR_SP.png","Total discard for TR_SP",NA,"Discard",2022-05-30 13:20:49,"StartTime: Fri May 27 09:57:36 2022"
"discard_fitTR_SP.png","Total discard for TR_SP",NA,"Discard",2022-05-30 13:20:49,"StartTime: Fri May 27 09:57:36 2022"
"index1_cpuedata_FR-IE-IBTS.png","Index data for FR-IE-IBTS. Lines indicate 95% uncertainty interval around index values based on the model assumption of lognormal error. Thicker lines (if present) indicate input uncertainty before addition of estimated additional uncertainty parameter.",NA,"Index",2022-05-30 13:20:49,"StartTime: Fri May 27 09:57:36 2022"
"index2_cpuefit_FR-IE-IBTS.png","Fit to index data for FR-IE-IBTS. Lines indicate 95% uncertainty interval around index values based on the model assumption of lognormal error. Thicker lines (if present) indicate input uncertainty before addition of estimated additional uncertainty parameter.",NA,"Index",2022-05-30 13:20:49,"StartTime: Fri May 27 09:57:36 2022"
"index3_obs_vs_exp_FR-IE-IBTS.png","Observed vs. expected index values with smoother for FR-IE-IBTS",NA,"Index",2022-05-30 13:20:49,"StartTime: Fri May 27 09:57:36 2022"
"index4_logcpuedata_FR-IE-IBTS.png","Log index data for FR-IE-IBTS. Lines indicate 95% uncertainty interval around index values based on the model assumption of lognormal error. Thicker lines (if present) indicate input uncertainty before addition of estimated additional uncertainty parameter.",NA,"Index",2022-05-30 13:20:49,"StartTime: Fri May 27 09:57:36 2022"
"index5_logcpuefit_FR-IE-IBTS.png","Fit to log index data on log scale for FR-IE-IBTS. Lines indicate 95% uncertainty interval around index values based on the model assumption of lognormal error. Thicker lines (if present) indicate input uncertainty before addition of estimated additional uncertainty parameter.",NA,"Index",2022-05-30 13:20:49,"StartTime: Fri May 27 09:57:36 2022"
"index6_log_obs_vs_exp_FR-IE-IBTS.png","log(observed) vs. log(expected) index values with smoother for FR-IE-IBTS",NA,"Index",2022-05-30 13:20:49,"StartTime: Fri May 27 09:57:36 2022"
"index10_resids_SE_total_FR-IE-IBTS.png","Residuals of fit to index for FR-IE-IBTS.<br>Values are (log(Obs) - log(Exp))/SE where SE is the total standard error including any estimated additional uncertainty.",NA,"Index",2022-05-30 13:20:49,"StartTime: Fri May 27 09:57:36 2022"
"index12_resids_SE_total_FR-IE-IBTS.png","Deviations for fit to index for FR-IE-IBTS.<br>Values are log(Obs) - log(Exp) and thus independent of index uncertainty.",NA,"Index",2022-05-30 13:20:49,"StartTime: Fri May 27 09:57:36 2022"
"index1_cpuedata_IE_MONKSURVEY.png","Index data for IE_MONKSURVEY. Lines indicate 95% uncertainty interval around index values based on the model assumption of lognormal error. Thicker lines (if present) indicate input uncertainty before addition of estimated additional uncertainty parameter.",NA,"Index",2022-05-30 13:20:49,"StartTime: Fri May 27 09:57:36 2022"
"index2_cpuefit_IE_MONKSURVEY.png","Fit to index data for IE_MONKSURVEY. Lines indicate 95% uncertainty interval around index values based on the model assumption of lognormal error. Thicker lines (if present) indicate input uncertainty before addition of estimated additional uncertainty parameter.",NA,"Index",2022-05-30 13:20:49,"StartTime: Fri May 27 09:57:36 2022"
"index3_obs_vs_exp_IE_MONKSURVEY.png","Observed vs. expected index values with smoother for IE_MONKSURVEY",NA,"Index",2022-05-30 13:20:49,"StartTime: Fri May 27 09:57:36 2022"
"index4_logcpuedata_IE_MONKSURVEY.png","Log index data for IE_MONKSURVEY. Lines indicate 95% uncertainty interval around index values based on the model assumption of lognormal error. Thicker lines (if present) indicate input uncertainty before addition of estimated additional uncertainty parameter.",NA,"Index",2022-05-30 13:20:49,"StartTime: Fri May 27 09:57:36 2022"
"index5_logcpuefit_IE_MONKSURVEY.png","Fit to log index data on log scale for IE_MONKSURVEY. Lines indicate 95% uncertainty interval around index values based on the model assumption of lognormal error. Thicker lines (if present) indicate input uncertainty before addition of estimated additional uncertainty parameter.",NA,"Index",2022-05-30 13:20:49,"StartTime: Fri May 27 09:57:36 2022"
"index6_log_obs_vs_exp_IE_MONKSURVEY.png","log(observed) vs. log(expected) index values with smoother for IE_MONKSURVEY",NA,"Index",2022-05-30 13:20:49,"StartTime: Fri May 27 09:57:36 2022"
"index10_resids_SE_total_IE_MONKSURVEY.png","Residuals of fit to index for IE_MONKSURVEY.<br>Values are (log(Obs) - log(Exp))/SE where SE is the total standard error including any estimated additional uncertainty.",NA,"Index",2022-05-30 13:20:49,"StartTime: Fri May 27 09:57:36 2022"
"index12_resids_SE_total_IE_MONKSURVEY.png","Deviations for fit to index for IE_MONKSURVEY.<br>Values are log(Obs) - log(Exp) and thus independent of index uncertainty.",NA,"Index",2022-05-30 13:20:49,"StartTime: Fri May 27 09:57:36 2022"
"index1_cpuedata_SPGFS.png","Index data for SPGFS. Lines indicate 95% uncertainty interval around index values based on the model assumption of lognormal error. Thicker lines (if present) indicate input uncertainty before addition of estimated additional uncertainty parameter.",NA,"Index",2022-05-30 13:20:49,"StartTime: Fri May 27 09:57:36 2022"
"index2_cpuefit_SPGFS.png","Fit to index data for SPGFS. Lines indicate 95% uncertainty interval around index values based on the model assumption of lognormal error. Thicker lines (if present) indicate input uncertainty before addition of estimated additional uncertainty parameter.",NA,"Index",2022-05-30 13:20:49,"StartTime: Fri May 27 09:57:36 2022"
"index3_obs_vs_exp_SPGFS.png","Observed vs. expected index values with smoother for SPGFS",NA,"Index",2022-05-30 13:20:49,"StartTime: Fri May 27 09:57:36 2022"
"index4_logcpuedata_SPGFS.png","Log index data for SPGFS. Lines indicate 95% uncertainty interval around index values based on the model assumption of lognormal error. Thicker lines (if present) indicate input uncertainty before addition of estimated additional uncertainty parameter.",NA,"Index",2022-05-30 13:20:49,"StartTime: Fri May 27 09:57:36 2022"
"index5_logcpuefit_SPGFS.png","Fit to log index data on log scale for SPGFS. Lines indicate 95% uncertainty interval around index values based on the model assumption of lognormal error. Thicker lines (if present) indicate input uncertainty before addition of estimated additional uncertainty parameter.",NA,"Index",2022-05-30 13:20:49,"StartTime: Fri May 27 09:57:36 2022"
"index6_log_obs_vs_exp_SPGFS.png","log(observed) vs. log(expected) index values with smoother for SPGFS",NA,"Index",2022-05-30 13:20:49,"StartTime: Fri May 27 09:57:36 2022"
"index10_resids_SE_total_SPGFS.png","Residuals of fit to index for SPGFS.<br>Values are (log(Obs) - log(Exp))/SE where SE is the total standard error including any estimated additional uncertainty.",NA,"Index",2022-05-30 13:20:49,"StartTime: Fri May 27 09:57:36 2022"
"index12_resids_SE_total_SPGFS.png","Deviations for fit to index for SPGFS.<br>Values are log(Obs) - log(Exp) and thus independent of index uncertainty.",NA,"Index",2022-05-30 13:20:49,"StartTime: Fri May 27 09:57:36 2022"
"index9_standcpueall.png","Standardized indices overlaid. Each index is rescaled to have mean observation = 1.0.",NA,"Index",2022-05-30 13:20:49,"StartTime: Fri May 27 09:57:36 2022"
"numbers1_sex1_beg.png","Beginning of year expected numbers at age of females in (max ~ 138.1 million)",NA,"Numbers",2022-05-30 13:20:49,"StartTime: Fri May 27 09:57:36 2022"
"numbers1_sex2_beg.png","Beginning of year expected numbers at age of males in (max ~ 138.1 million)",NA,"Numbers",2022-05-30 13:20:49,"StartTime: Fri May 27 09:57:36 2022"
"numbers2_meanage_beg.png","Beginning of year mean age in the population",NA,"Numbers",2022-05-30 13:20:49,"StartTime: Fri May 27 09:57:36 2022"
"numbers1_sex1_mid.png","Middle of year expected numbers at age of females in (max ~ 83.1 million)",NA,"Numbers",2022-05-30 13:20:49,"StartTime: Fri May 27 09:57:36 2022"
"numbers1_sex2_mid.png","Middle of year expected numbers at age of males in (max ~ 80.7 million)",NA,"Numbers",2022-05-30 13:20:49,"StartTime: Fri May 27 09:57:36 2022"
"numbers2_meanage_mid.png","Middle of year mean age in the population",NA,"Numbers",2022-05-30 13:20:49,"StartTime: Fri May 27 09:57:36 2022"
"numbers3_frac_female_age.png","Fraction female in numbers at age",NA,"Numbers",2022-05-30 13:20:49,"StartTime: Fri May 27 09:57:36 2022"
"numbers6_len_sex1.png","Beginning of year expected numbers at length of females in (max ~ 138.1 million)",NA,"Numbers",2022-05-30 13:20:49,"StartTime: Fri May 27 09:57:36 2022"
"numbers6_len_sex2.png","Beginning of year expected numbers at length of males in (max ~ 138.1 million)",NA,"Numbers",2022-05-30 13:20:49,"StartTime: Fri May 27 09:57:36 2022"
"numbers7_meanlen.png","Beginning of year mean length (cm) in the population",NA,"Numbers",2022-05-30 13:20:49,"StartTime: Fri May 27 09:57:36 2022"
"numbers6_len_sex1.png","Middle of year expected numbers at length of females in (max ~ 24.3 million)",NA,"Numbers",2022-05-30 13:20:49,"StartTime: Fri May 27 09:57:36 2022"
"numbers6_len_sex2.png","Middle of year expected numbers at length of males in (max ~ 17.3 million)",NA,"Numbers",2022-05-30 13:20:49,"StartTime: Fri May 27 09:57:36 2022"
"numbers7_meanlen.png","Middle of year mean length (cm) in the population",NA,"Numbers",2022-05-30 13:20:49,"StartTime: Fri May 27 09:57:36 2022"
"numbers8_frac_female_len.png","Fraction female in numbers at length",NA,"Numbers",2022-05-30 13:20:49,"StartTime: Fri May 27 09:57:36 2022"
"numbers4_equilagecomp.png","Equilibrium age distribution",NA,"Numbers",2022-05-30 13:20:49,"StartTime: Fri May 27 09:57:36 2022"
"comp_lendat__aggregated_across_time.png","Length comp data, aggregated across time by fleet.
 <br> Labels 'retained' and 'discard' indicate discarded or retained sampled for each fleet. Panels without this designation represent the whole catch.
",NA,"CompDat",2022-05-30 13:20:49,"StartTime: Fri May 27 09:57:36 2022"
"comp_lendat__page1_multi-fleet_comparison.png","Length comp data,  comparing across fleets (plot 1 of 2)",NA,"CompDat",2022-05-30 13:20:49,"StartTime: Fri May 27 09:57:36 2022"
"comp_lendat__page2_multi-fleet_comparison.png","Length comp data,  comparing across fleets (plot 2 of 2)",NA,"CompDat",2022-05-30 13:20:49,"StartTime: Fri May 27 09:57:36 2022"
"comp_lendat_flt1mkt1.png","Length comp data, discard, GNS.<br><br>'N adj.' is the input sample size after data-weighting adjustment. N eff. is the calculated effective sample size used in the McAllister-Ianelli tuning method.",NA,"CompDat",2022-05-30 13:20:49,"StartTime: Fri May 27 09:57:36 2022"
"comp_lendat_bubflt1mkt1.png","Length comp data, discard, GNS (max=0.38)",NA,"CompDat",2022-05-30 13:20:49,"StartTime: Fri May 27 09:57:36 2022"
"comp_lendat_data_weighting_TA1.8_GNS.png","WARNING: this figure is based on multinomial likelihood and has not been updated to account for Dirichlet-Multinomial likelihood and the sample size adjustment associated with the estimated log(<i>&#920</i>) parameters.<br><br> Mean length for GNS with 95% confidence intervals based on current samples sizes.",NA,"CompDat",2022-05-30 13:20:49,"StartTime: Fri May 27 09:57:36 2022"
"comp_lendat_flt1mkt2.png","Length comp data, retained, GNS.<br><br>'N adj.' is the input sample size after data-weighting adjustment. N eff. is the calculated effective sample size used in the McAllister-Ianelli tuning method.",NA,"CompDat",2022-05-30 13:20:49,"StartTime: Fri May 27 09:57:36 2022"
"comp_lendat_bubflt1mkt2.png","Length comp data, retained, GNS (max=0.1)",NA,"CompDat",2022-05-30 13:20:49,"StartTime: Fri May 27 09:57:36 2022"
"comp_lendat_data_weighting_TA1.8_GNS.png","WARNING: this figure is based on multinomial likelihood and has not been updated to account for Dirichlet-Multinomial likelihood and the sample size adjustment associated with the estimated log(<i>&#920</i>) parameters.<br><br> Mean length for GNS with 95% confidence intervals based on current samples sizes.",NA,"CompDat",2022-05-30 13:20:49,"StartTime: Fri May 27 09:57:36 2022"
"comp_lendat_flt2mkt1.png","Length comp data, discard, TR_FR.<br><br>'N adj.' is the input sample size after data-weighting adjustment. N eff. is the calculated effective sample size used in the McAllister-Ianelli tuning method.",NA,"CompDat",2022-05-30 13:20:49,"StartTime: Fri May 27 09:57:36 2022"
"comp_lendat_bubflt2mkt1.png","Length comp data, discard, TR_FR (max=0.39)",NA,"CompDat",2022-05-30 13:20:49,"StartTime: Fri May 27 09:57:36 2022"
"comp_lendat_data_weighting_TA1.8_TR_FR.png","WARNING: this figure is based on multinomial likelihood and has not been updated to account for Dirichlet-Multinomial likelihood and the sample size adjustment associated with the estimated log(<i>&#920</i>) parameters.<br><br> Mean length for TR_FR with 95% confidence intervals based on current samples sizes.",NA,"CompDat",2022-05-30 13:20:49,"StartTime: Fri May 27 09:57:36 2022"
"comp_lendat_flt2mkt2_page1.png","Length comp data, retained, TR_FR (plot 1 of 2).<br><br>'N adj.' is the input sample size after data-weighting adjustment. N eff. is the calculated effective sample size used in the McAllister-Ianelli tuning method.",NA,"CompDat",2022-05-30 13:20:49,"StartTime: Fri May 27 09:57:36 2022"
"comp_lendat_flt2mkt2_page2.png","Length comp data, retained, TR_FR (plot 1 of 2).<br><br>'N adj.' is the input sample size after data-weighting adjustment. N eff. is the calculated effective sample size used in the McAllister-Ianelli tuning method. (plot 2 of 2)",NA,"CompDat",2022-05-30 13:20:49,"StartTime: Fri May 27 09:57:36 2022"
"comp_lendat_bubflt2mkt2_page2.png","Length comp data, retained, TR_FR (max=0.12) (plot 2 of 2)",NA,"CompDat",2022-05-30 13:20:49,"StartTime: Fri May 27 09:57:36 2022"
"comp_lendat_data_weighting_TA1.8_TR_FR.png","WARNING: this figure is based on multinomial likelihood and has not been updated to account for Dirichlet-Multinomial likelihood and the sample size adjustment associated with the estimated log(<i>&#920</i>) parameters.<br><br> Mean length for TR_FR with 95% confidence intervals based on current samples sizes.",NA,"CompDat",2022-05-30 13:20:49,"StartTime: Fri May 27 09:57:36 2022"
"comp_lendat_flt3mkt1.png","Length comp data, discard, TR_OT.<br><br>'N input' is the input sample size. 'N adj.' is the sample size after adjustment by the Dirichlet-Multinomial <i>&#920</i> parameter based on the formula N adj. = 1 / (1+<i>&#920</i>) + N * <i>&#920</i> / (1+<i>&#920</i>). <br><br>For this fleet, <i>&#920</i> = 2.411 and the sample size multiplier is approximately <i>&#920</i> / (1+<i>&#920</i>) = 0.707<br><br>For more info, see<br><blockquote>Thorson, J.T., Johnson, K.F., Methot, R.D. and Taylor, I.G. 2017. Model-based estimates of effective sample size in stock assessment models using the Dirichlet-multinomial distribution. <i>Fisheries Research</i>192: 84-93. <a href=https://doi.org/10.1016/j.fishres.2016.06.005>https://doi.org/10.1016/j.fishres.2016.06.005</a></blockquote>",NA,"CompDat",2022-05-30 13:20:49,"StartTime: Fri May 27 09:57:36 2022"
"comp_lendat_bubflt3mkt1.png","Length comp data, discard, TR_OT (max=0.33)",NA,"CompDat",2022-05-30 13:20:49,"StartTime: Fri May 27 09:57:36 2022"
"comp_lendat_data_weighting_TA1.8_TR_OT.png","WARNING: this figure is based on multinomial likelihood and has not been updated to account for Dirichlet-Multinomial likelihood and the sample size adjustment associated with the estimated log(<i>&#920</i>) parameters.<br><br> Mean length for TR_OT with 95% confidence intervals based on current samples sizes.",NA,"CompDat",2022-05-30 13:20:49,"StartTime: Fri May 27 09:57:36 2022"
"comp_lendat_flt3mkt2_page1.png","Length comp data, retained, TR_OT (plot 1 of 2).<br><br>'N input' is the input sample size. 'N adj.' is the sample size after adjustment by the Dirichlet-Multinomial <i>&#920</i> parameter based on the formula N adj. = 1 / (1+<i>&#920</i>) + N * <i>&#920</i> / (1+<i>&#920</i>). <br><br>For this fleet, <i>&#920</i> = 2.411 and the sample size multiplier is approximately <i>&#920</i> / (1+<i>&#920</i>) = 0.707<br><br>For more info, see<br><blockquote>Thorson, J.T., Johnson, K.F., Methot, R.D. and Taylor, I.G. 2017. Model-based estimates of effective sample size in stock assessment models using the Dirichlet-multinomial distribution. <i>Fisheries Research</i>192: 84-93. <a href=https://doi.org/10.1016/j.fishres.2016.06.005>https://doi.org/10.1016/j.fishres.2016.06.005</a></blockquote>",NA,"CompDat",2022-05-30 13:20:49,"StartTime: Fri May 27 09:57:36 2022"
"comp_lendat_flt3mkt2_page2.png","Length comp data, retained, TR_OT (plot 1 of 2).<br><br>'N input' is the input sample size. 'N adj.' is the sample size after adjustment by the Dirichlet-Multinomial <i>&#920</i> parameter based on the formula N adj. = 1 / (1+<i>&#920</i>) + N * <i>&#920</i> / (1+<i>&#920</i>). <br><br>For this fleet, <i>&#920</i> = 2.411 and the sample size multiplier is approximately <i>&#920</i> / (1+<i>&#920</i>) = 0.707<br><br>For more info, see<br><blockquote>Thorson, J.T., Johnson, K.F., Methot, R.D. and Taylor, I.G. 2017. Model-based estimates of effective sample size in stock assessment models using the Dirichlet-multinomial distribution. <i>Fisheries Research</i>192: 84-93. <a href=https://doi.org/10.1016/j.fishres.2016.06.005>https://doi.org/10.1016/j.fishres.2016.06.005</a></blockquote> (plot 2 of 2)",NA,"CompDat",2022-05-30 13:20:49,"StartTime: Fri May 27 09:57:36 2022"
"comp_lendat_bubflt3mkt2_page2.png","Length comp data, retained, TR_OT (max=0.12) (plot 2 of 2)",NA,"CompDat",2022-05-30 13:20:49,"StartTime: Fri May 27 09:57:36 2022"
"comp_lendat_data_weighting_TA1.8_TR_OT.png","WARNING: this figure is based on multinomial likelihood and has not been updated to account for Dirichlet-Multinomial likelihood and the sample size adjustment associated with the estimated log(<i>&#920</i>) parameters.<br><br> Mean length for TR_OT with 95% confidence intervals based on current samples sizes.",NA,"CompDat",2022-05-30 13:20:49,"StartTime: Fri May 27 09:57:36 2022"
"comp_lendat_flt4mkt1.png","Length comp data, discard, TR_SP.<br><br>'N input' is the input sample size. 'N adj.' is the sample size after adjustment by the Dirichlet-Multinomial <i>&#920</i> parameter based on the formula N adj. = 1 / (1+<i>&#920</i>) + N * <i>&#920</i> / (1+<i>&#920</i>). <br><br>For this fleet, <i>&#920</i> = 2.65 and the sample size multiplier is approximately <i>&#920</i> / (1+<i>&#920</i>) = 0.726<br><br>For more info, see<br><blockquote>Thorson, J.T., Johnson, K.F., Methot, R.D. and Taylor, I.G. 2017. Model-based estimates of effective sample size in stock assessment models using the Dirichlet-multinomial distribution. <i>Fisheries Research</i>192: 84-93. <a href=https://doi.org/10.1016/j.fishres.2016.06.005>https://doi.org/10.1016/j.fishres.2016.06.005</a></blockquote>",NA,"CompDat",2022-05-30 13:20:49,"StartTime: Fri May 27 09:57:36 2022"
"comp_lendat_bubflt4mkt1.png","Length comp data, discard, TR_SP (max=0.45)",NA,"CompDat",2022-05-30 13:20:49,"StartTime: Fri May 27 09:57:36 2022"
"comp_lendat_data_weighting_TA1.8_TR_SP.png","WARNING: this figure is based on multinomial likelihood and has not been updated to account for Dirichlet-Multinomial likelihood and the sample size adjustment associated with the estimated log(<i>&#920</i>) parameters.<br><br> Mean length for TR_SP with 95% confidence intervals based on current samples sizes.",NA,"CompDat",2022-05-30 13:20:49,"StartTime: Fri May 27 09:57:36 2022"
"comp_lendat_flt4mkt2_page1.png","Length comp data, retained, TR_SP (plot 1 of 2).<br><br>'N input' is the input sample size. 'N adj.' is the sample size after adjustment by the Dirichlet-Multinomial <i>&#920</i> parameter based on the formula N adj. = 1 / (1+<i>&#920</i>) + N * <i>&#920</i> / (1+<i>&#920</i>). <br><br>For this fleet, <i>&#920</i> = 2.65 and the sample size multiplier is approximately <i>&#920</i> / (1+<i>&#920</i>) = 0.726<br><br>For more info, see<br><blockquote>Thorson, J.T., Johnson, K.F., Methot, R.D. and Taylor, I.G. 2017. Model-based estimates of effective sample size in stock assessment models using the Dirichlet-multinomial distribution. <i>Fisheries Research</i>192: 84-93. <a href=https://doi.org/10.1016/j.fishres.2016.06.005>https://doi.org/10.1016/j.fishres.2016.06.005</a></blockquote>",NA,"CompDat",2022-05-30 13:20:49,"StartTime: Fri May 27 09:57:36 2022"
"comp_lendat_flt4mkt2_page2.png","Length comp data, retained, TR_SP (plot 1 of 2).<br><br>'N input' is the input sample size. 'N adj.' is the sample size after adjustment by the Dirichlet-Multinomial <i>&#920</i> parameter based on the formula N adj. = 1 / (1+<i>&#920</i>) + N * <i>&#920</i> / (1+<i>&#920</i>). <br><br>For this fleet, <i>&#920</i> = 2.65 and the sample size multiplier is approximately <i>&#920</i> / (1+<i>&#920</i>) = 0.726<br><br>For more info, see<br><blockquote>Thorson, J.T., Johnson, K.F., Methot, R.D. and Taylor, I.G. 2017. Model-based estimates of effective sample size in stock assessment models using the Dirichlet-multinomial distribution. <i>Fisheries Research</i>192: 84-93. <a href=https://doi.org/10.1016/j.fishres.2016.06.005>https://doi.org/10.1016/j.fishres.2016.06.005</a></blockquote> (plot 2 of 2)",NA,"CompDat",2022-05-30 13:20:49,"StartTime: Fri May 27 09:57:36 2022"
"comp_lendat_bubflt4mkt2_page2.png","Length comp data, retained, TR_SP (max=0.1) (plot 2 of 2)",NA,"CompDat",2022-05-30 13:20:49,"StartTime: Fri May 27 09:57:36 2022"
"comp_lendat_data_weighting_TA1.8_TR_SP.png","WARNING: this figure is based on multinomial likelihood and has not been updated to account for Dirichlet-Multinomial likelihood and the sample size adjustment associated with the estimated log(<i>&#920</i>) parameters.<br><br> Mean length for TR_SP with 95% confidence intervals based on current samples sizes.",NA,"CompDat",2022-05-30 13:20:49,"StartTime: Fri May 27 09:57:36 2022"
"comp_lendat_flt5mkt0.png","Length comp data, whole catch, FR-IE-IBTS.<br><br>'N input' is the input sample size. 'N adj.' is the sample size after adjustment by the Dirichlet-Multinomial <i>&#920</i> parameter based on the formula N adj. = 1 / (1+<i>&#920</i>) + N * <i>&#920</i> / (1+<i>&#920</i>). <br><br>For this fleet, <i>&#920</i> = 2.674 and the sample size multiplier is approximately <i>&#920</i> / (1+<i>&#920</i>) = 0.728<br><br>For more info, see<br><blockquote>Thorson, J.T., Johnson, K.F., Methot, R.D. and Taylor, I.G. 2017. Model-based estimates of effective sample size in stock assessment models using the Dirichlet-multinomial distribution. <i>Fisheries Research</i>192: 84-93. <a href=https://doi.org/10.1016/j.fishres.2016.06.005>https://doi.org/10.1016/j.fishres.2016.06.005</a></blockquote>",NA,"CompDat",2022-05-30 13:20:49,"StartTime: Fri May 27 09:57:36 2022"
"comp_lendat_bubflt5mkt0.png","Length comp data, whole catch, FR-IE-IBTS (max=0.09)",NA,"CompDat",2022-05-30 13:20:49,"StartTime: Fri May 27 09:57:36 2022"
"comp_lendat_data_weighting_TA1.8_FR-IE-IBTS.png","WARNING: this figure is based on multinomial likelihood and has not been updated to account for Dirichlet-Multinomial likelihood and the sample size adjustment associated with the estimated log(<i>&#920</i>) parameters.<br><br> Mean length for FR-IE-IBTS with 95% confidence intervals based on current samples sizes.",NA,"CompDat",2022-05-30 13:20:49,"StartTime: Fri May 27 09:57:36 2022"
"comp_lendat_flt6mkt0.png","Length comp data, whole catch, IE_MONKSURVEY.<br><br>'N input' is the input sample size. 'N adj.' is the sample size after adjustment by the Dirichlet-Multinomial <i>&#920</i> parameter based on the formula N adj. = 1 / (1+<i>&#920</i>) + N * <i>&#920</i> / (1+<i>&#920</i>). <br><br>For this fleet, <i>&#920</i> = 129.806 and the sample size multiplier is approximately <i>&#920</i> / (1+<i>&#920</i>) = 0.992<br><br>For more info, see<br><blockquote>Thorson, J.T., Johnson, K.F., Methot, R.D. and Taylor, I.G. 2017. Model-based estimates of effective sample size in stock assessment models using the Dirichlet-multinomial distribution. <i>Fisheries Research</i>192: 84-93. <a href=https://doi.org/10.1016/j.fishres.2016.06.005>https://doi.org/10.1016/j.fishres.2016.06.005</a></blockquote>",NA,"CompDat",2022-05-30 13:20:49,"StartTime: Fri May 27 09:57:36 2022"
"comp_lendat_bubflt6mkt0.png","Length comp data, whole catch, IE_MONKSURVEY (max=0.06)",NA,"CompDat",2022-05-30 13:20:49,"StartTime: Fri May 27 09:57:36 2022"
"comp_lendat_data_weighting_TA1.8_IE_MONKSURVEY.png","WARNING: this figure is based on multinomial likelihood and has not been updated to account for Dirichlet-Multinomial likelihood and the sample size adjustment associated with the estimated log(<i>&#920</i>) parameters.<br><br> Mean length for IE_MONKSURVEY with 95% confidence intervals based on current samples sizes.",NA,"CompDat",2022-05-30 13:20:49,"StartTime: Fri May 27 09:57:36 2022"
"comp_lendat_flt7mkt0.png","Length comp data, whole catch, SPGFS.<br><br>'N input' is the input sample size. 'N adj.' is the sample size after adjustment by the Dirichlet-Multinomial <i>&#920</i> parameter based on the formula N adj. = 1 / (1+<i>&#920</i>) + N * <i>&#920</i> / (1+<i>&#920</i>). <br><br>For this fleet, <i>&#920</i> = 3.467 and the sample size multiplier is approximately <i>&#920</i> / (1+<i>&#920</i>) = 0.776<br><br>For more info, see<br><blockquote>Thorson, J.T., Johnson, K.F., Methot, R.D. and Taylor, I.G. 2017. Model-based estimates of effective sample size in stock assessment models using the Dirichlet-multinomial distribution. <i>Fisheries Research</i>192: 84-93. <a href=https://doi.org/10.1016/j.fishres.2016.06.005>https://doi.org/10.1016/j.fishres.2016.06.005</a></blockquote>",NA,"CompDat",2022-05-30 13:20:49,"StartTime: Fri May 27 09:57:36 2022"
"comp_lendat_bubflt7mkt0.png","Length comp data, whole catch, SPGFS (max=0.17)",NA,"CompDat",2022-05-30 13:20:49,"StartTime: Fri May 27 09:57:36 2022"
"comp_lendat_data_weighting_TA1.8_SPGFS.png","WARNING: this figure is based on multinomial likelihood and has not been updated to account for Dirichlet-Multinomial likelihood and the sample size adjustment associated with the estimated log(<i>&#920</i>) parameters.<br><br> Mean length for SPGFS with 95% confidence intervals based on current samples sizes.",NA,"CompDat",2022-05-30 13:20:49,"StartTime: Fri May 27 09:57:36 2022"
"sexratio_data_len_flt5mkt0.png","Sex ratios for length comps, whole catch, FR-IE-IBTS.<br>Observed sex ratios (points) with 75% intervals (vertical lines) calculated as a <a href='https://www.jstor.org/stable/2676784'>Jeffreys interval</a> based on the adjusted input sample size.",NA,"CompDat",2022-05-30 13:20:49,"StartTime: Fri May 27 09:57:36 2022"
"sexratio_data_len_flt6mkt0.png","Sex ratios for length comps, whole catch, IE_MONKSURVEY.<br>Observed sex ratios (points) with 75% intervals (vertical lines) calculated as a <a href='https://www.jstor.org/stable/2676784'>Jeffreys interval</a> based on the adjusted input sample size.",NA,"CompDat",2022-05-30 13:20:49,"StartTime: Fri May 27 09:57:36 2022"
"comp_lenfit__aggregated_across_time.png","Length comps, aggregated across time by fleet.
 <br> Labels 'retained' and 'discard' indicate discarded or retained sampled for each fleet. Panels without this designation represent the whole catch.
",NA,"LenComp",2022-05-30 13:20:49,"StartTime: Fri May 27 09:57:36 2022"
"comp_lenfit__page1_multi-fleet_comparison.png","Pearson residuals,  comparing across fleets (plot 1 of 2) <br> 
Closed bubbles are positive residuals (observed > expected) and open bubbles are negative residuals (observed < expected).",NA,"LenComp",2022-05-30 13:20:49,"StartTime: Fri May 27 09:57:36 2022"
"comp_lenfit__page2_multi-fleet_comparison.png","Pearson residuals,  comparing across fleets (plot 2 of 2)",NA,"LenComp",2022-05-30 13:20:49,"StartTime: Fri May 27 09:57:36 2022"
"comp_lenfit_flt1mkt1.png","Length comps, discard, GNS.<br><br>'N adj.' is the input sample size after data-weighting adjustment. N eff. is the calculated effective sample size used in the McAllister-Ianelli tuning method.",NA,"LenComp",2022-05-30 13:20:49,"StartTime: Fri May 27 09:57:36 2022"
"comp_lenfit_residsflt1mkt1.png","Pearson residuals, discard, GNS (max=64.08) <br> 
Closed bubbles are positive residuals (observed > expected) and open bubbles are negative residuals (observed < expected).",NA,"LenComp",2022-05-30 13:20:49,"StartTime: Fri May 27 09:57:36 2022"
"comp_lenfit_sampsize_flt1mkt1.png","N-EffN comparison, Length comps, discard, GNS",NA,"LenComp",2022-05-30 13:20:49,"StartTime: Fri May 27 09:57:36 2022"
"comp_lenfit_data_weighting_TA1.8_GNS.png","WARNING: this figure is based on multinomial likelihood and has not been updated to account for Dirichlet-Multinomial likelihood and the sample size adjustment associated with the estimated log(<i>&#920</i>) parameters.<br><br> Mean length for GNS with 95% confidence intervals based on current samples sizes.<br>Francis data weighting method TA1.8: thinner intervals (with capped ends) show result of further adjusting sample sizes based on suggested multiplier (with 95% interval) for len data from GNS:<br>0.7298 (0.4664-1.6159) <br><br>For more info, see<br> <blockquote>Francis, R.I.C.C. (2011). Data weighting in statistical fisheries stock assessment models. <i>Can. J. Fish. Aquat. Sci.</i> 68: 1124-1138.  <a href=https://doi.org/10.1139/f2011-025> https://doi.org/10.1139/f2011-025</a> </blockquote>",NA,"LenComp",2022-05-30 13:20:49,"StartTime: Fri May 27 09:57:36 2022"
"comp_lenfit_flt1mkt2.png","Length comps, retained, GNS.<br><br>'N adj.' is the input sample size after data-weighting adjustment. N eff. is the calculated effective sample size used in the McAllister-Ianelli tuning method.",NA,"LenComp",2022-05-30 13:20:49,"StartTime: Fri May 27 09:57:36 2022"
"comp_lenfit_residsflt1mkt2.png","Pearson residuals, retained, GNS (max=4.42) <br> 
Closed bubbles are positive residuals (observed > expected) and open bubbles are negative residuals (observed < expected).",NA,"LenComp",2022-05-30 13:20:49,"StartTime: Fri May 27 09:57:36 2022"
"comp_lenfit_sampsize_flt1mkt2.png","N-EffN comparison, Length comps, retained, GNS",NA,"LenComp",2022-05-30 13:20:49,"StartTime: Fri May 27 09:57:36 2022"
"comp_lenfit_data_weighting_TA1.8_GNS.png","WARNING: this figure is based on multinomial likelihood and has not been updated to account for Dirichlet-Multinomial likelihood and the sample size adjustment associated with the estimated log(<i>&#920</i>) parameters.<br><br> Mean length for GNS with 95% confidence intervals based on current samples sizes.<br>Francis data weighting method TA1.8: thinner intervals (with capped ends) show result of further adjusting sample sizes based on suggested multiplier (with 95% interval) for len data from GNS:<br>0.7298 (0.4611-1.6311) <br><br>For more info, see<br> <blockquote>Francis, R.I.C.C. (2011). Data weighting in statistical fisheries stock assessment models. <i>Can. J. Fish. Aquat. Sci.</i> 68: 1124-1138.  <a href=https://doi.org/10.1139/f2011-025> https://doi.org/10.1139/f2011-025</a> </blockquote>",NA,"LenComp",2022-05-30 13:20:49,"StartTime: Fri May 27 09:57:36 2022"
"comp_lenfit_flt2mkt1.png","Length comps, discard, TR_FR.<br><br>'N adj.' is the input sample size after data-weighting adjustment. N eff. is the calculated effective sample size used in the McAllister-Ianelli tuning method.",NA,"LenComp",2022-05-30 13:20:49,"StartTime: Fri May 27 09:57:36 2022"
"comp_lenfit_residsflt2mkt1.png","Pearson residuals, discard, TR_FR (max=28.08) <br> 
Closed bubbles are positive residuals (observed > expected) and open bubbles are negative residuals (observed < expected).",NA,"LenComp",2022-05-30 13:20:49,"StartTime: Fri May 27 09:57:36 2022"
"comp_lenfit_sampsize_flt2mkt1.png","N-EffN comparison, Length comps, discard, TR_FR",NA,"LenComp",2022-05-30 13:20:49,"StartTime: Fri May 27 09:57:36 2022"
"comp_lenfit_data_weighting_TA1.8_TR_FR.png","WARNING: this figure is based on multinomial likelihood and has not been updated to account for Dirichlet-Multinomial likelihood and the sample size adjustment associated with the estimated log(<i>&#920</i>) parameters.<br><br> Mean length for TR_FR with 95% confidence intervals based on current samples sizes.<br>Francis data weighting method TA1.8: thinner intervals (with capped ends) show result of further adjusting sample sizes based on suggested multiplier (with 95% interval) for len data from TR_FR:<br>0.6812 (0.4913-1.0773) <br><br>For more info, see<br> <blockquote>Francis, R.I.C.C. (2011). Data weighting in statistical fisheries stock assessment models. <i>Can. J. Fish. Aquat. Sci.</i> 68: 1124-1138.  <a href=https://doi.org/10.1139/f2011-025> https://doi.org/10.1139/f2011-025</a> </blockquote>",NA,"LenComp",2022-05-30 13:20:49,"StartTime: Fri May 27 09:57:36 2022"
"comp_lenfit_flt2mkt2_page1.png","Length comps, retained, TR_FR (plot 1 of 2).<br><br>'N adj.' is the input sample size after data-weighting adjustment. N eff. is the calculated effective sample size used in the McAllister-Ianelli tuning method.",NA,"LenComp",2022-05-30 13:20:49,"StartTime: Fri May 27 09:57:36 2022"
"comp_lenfit_flt2mkt2_page2.png","Length comps, retained, TR_FR (plot 1 of 2).<br><br>'N adj.' is the input sample size after data-weighting adjustment. N eff. is the calculated effective sample size used in the McAllister-Ianelli tuning method. (plot 2 of 2)",NA,"LenComp",2022-05-30 13:20:49,"StartTime: Fri May 27 09:57:36 2022"
"comp_lenfit_residsflt2mkt2_page2.png","Pearson residuals, retained, TR_FR (max=16.18) (plot 2 of 2) <br> 
Closed bubbles are positive residuals (observed > expected) and open bubbles are negative residuals (observed < expected).",NA,"LenComp",2022-05-30 13:20:49,"StartTime: Fri May 27 09:57:36 2022"
"comp_lenfit_sampsize_flt2mkt2.png","N-EffN comparison, Length comps, retained, TR_FR",NA,"LenComp",2022-05-30 13:20:49,"StartTime: Fri May 27 09:57:36 2022"
"comp_lenfit_data_weighting_TA1.8_TR_FR.png","WARNING: this figure is based on multinomial likelihood and has not been updated to account for Dirichlet-Multinomial likelihood and the sample size adjustment associated with the estimated log(<i>&#920</i>) parameters.<br><br> Mean length for TR_FR with 95% confidence intervals based on current samples sizes.<br>Francis data weighting method TA1.8: thinner intervals (with capped ends) show result of further adjusting sample sizes based on suggested multiplier (with 95% interval) for len data from TR_FR:<br>0.6812 (0.4948-1.1298) <br><br>For more info, see<br> <blockquote>Francis, R.I.C.C. (2011). Data weighting in statistical fisheries stock assessment models. <i>Can. J. Fish. Aquat. Sci.</i> 68: 1124-1138.  <a href=https://doi.org/10.1139/f2011-025> https://doi.org/10.1139/f2011-025</a> </blockquote>",NA,"LenComp",2022-05-30 13:20:49,"StartTime: Fri May 27 09:57:36 2022"
"comp_lenfit_flt3mkt1.png","Length comps, discard, TR_OT.<br><br>'N input' is the input sample size. 'N adj.' is the sample size after adjustment by the Dirichlet-Multinomial <i>&#920</i> parameter based on the formula N adj. = 1 / (1+<i>&#920</i>) + N * <i>&#920</i> / (1+<i>&#920</i>). <br><br>For this fleet, <i>&#920</i> = 2.411 and the sample size multiplier is approximately <i>&#920</i> / (1+<i>&#920</i>) = 0.707<br><br>For more info, see<br><blockquote>Thorson, J.T., Johnson, K.F., Methot, R.D. and Taylor, I.G. 2017. Model-based estimates of effective sample size in stock assessment models using the Dirichlet-multinomial distribution. <i>Fisheries Research</i>192: 84-93. <a href=https://doi.org/10.1016/j.fishres.2016.06.005>https://doi.org/10.1016/j.fishres.2016.06.005</a></blockquote>",NA,"LenComp",2022-05-30 13:20:49,"StartTime: Fri May 27 09:57:36 2022"
"comp_lenfit_residsflt3mkt1.png","Pearson residuals, discard, TR_OT (max=223.56) <br> 
Closed bubbles are positive residuals (observed > expected) and open bubbles are negative residuals (observed < expected).",NA,"LenComp",2022-05-30 13:20:49,"StartTime: Fri May 27 09:57:36 2022"
"comp_lenfit_data_weighting_TA1.8_TR_OT.png","WARNING: this figure is based on multinomial likelihood and has not been updated to account for Dirichlet-Multinomial likelihood and the sample size adjustment associated with the estimated log(<i>&#920</i>) parameters.<br><br> Mean length for TR_OT with 95% confidence intervals based on current samples sizes.<br>Francis data weighting method TA1.8: thinner intervals (with capped ends) show result of further adjusting sample sizes based on suggested multiplier (with 95% interval) for len data from TR_OT:<br>0.4546 (0.299-0.8427) <br><br>For more info, see<br> <blockquote>Francis, R.I.C.C. (2011). Data weighting in statistical fisheries stock assessment models. <i>Can. J. Fish. Aquat. Sci.</i> 68: 1124-1138.  <a href=https://doi.org/10.1139/f2011-025> https://doi.org/10.1139/f2011-025</a> </blockquote>",NA,"LenComp",2022-05-30 13:20:49,"StartTime: Fri May 27 09:57:36 2022"
"comp_lenfit_flt3mkt2_page1.png","Length comps, retained, TR_OT (plot 1 of 2).<br><br>'N input' is the input sample size. 'N adj.' is the sample size after adjustment by the Dirichlet-Multinomial <i>&#920</i> parameter based on the formula N adj. = 1 / (1+<i>&#920</i>) + N * <i>&#920</i> / (1+<i>&#920</i>). <br><br>For this fleet, <i>&#920</i> = 2.411 and the sample size multiplier is approximately <i>&#920</i> / (1+<i>&#920</i>) = 0.707<br><br>For more info, see<br><blockquote>Thorson, J.T., Johnson, K.F., Methot, R.D. and Taylor, I.G. 2017. Model-based estimates of effective sample size in stock assessment models using the Dirichlet-multinomial distribution. <i>Fisheries Research</i>192: 84-93. <a href=https://doi.org/10.1016/j.fishres.2016.06.005>https://doi.org/10.1016/j.fishres.2016.06.005</a></blockquote>",NA,"LenComp",2022-05-30 13:20:49,"StartTime: Fri May 27 09:57:36 2022"
"comp_lenfit_flt3mkt2_page2.png","Length comps, retained, TR_OT (plot 1 of 2).<br><br>'N input' is the input sample size. 'N adj.' is the sample size after adjustment by the Dirichlet-Multinomial <i>&#920</i> parameter based on the formula N adj. = 1 / (1+<i>&#920</i>) + N * <i>&#920</i> / (1+<i>&#920</i>). <br><br>For this fleet, <i>&#920</i> = 2.411 and the sample size multiplier is approximately <i>&#920</i> / (1+<i>&#920</i>) = 0.707<br><br>For more info, see<br><blockquote>Thorson, J.T., Johnson, K.F., Methot, R.D. and Taylor, I.G. 2017. Model-based estimates of effective sample size in stock assessment models using the Dirichlet-multinomial distribution. <i>Fisheries Research</i>192: 84-93. <a href=https://doi.org/10.1016/j.fishres.2016.06.005>https://doi.org/10.1016/j.fishres.2016.06.005</a></blockquote> (plot 2 of 2)",NA,"LenComp",2022-05-30 13:20:49,"StartTime: Fri May 27 09:57:36 2022"
"comp_lenfit_residsflt3mkt2_page2.png","Pearson residuals, retained, TR_OT (max=3.27) (plot 2 of 2) <br> 
Closed bubbles are positive residuals (observed > expected) and open bubbles are negative residuals (observed < expected).",NA,"LenComp",2022-05-30 13:20:49,"StartTime: Fri May 27 09:57:36 2022"
"comp_lenfit_data_weighting_TA1.8_TR_OT.png","WARNING: this figure is based on multinomial likelihood and has not been updated to account for Dirichlet-Multinomial likelihood and the sample size adjustment associated with the estimated log(<i>&#920</i>) parameters.<br><br> Mean length for TR_OT with 95% confidence intervals based on current samples sizes.<br>Francis data weighting method TA1.8: thinner intervals (with capped ends) show result of further adjusting sample sizes based on suggested multiplier (with 95% interval) for len data from TR_OT:<br>0.4546 (0.2899-0.8583) <br><br>For more info, see<br> <blockquote>Francis, R.I.C.C. (2011). Data weighting in statistical fisheries stock assessment models. <i>Can. J. Fish. Aquat. Sci.</i> 68: 1124-1138.  <a href=https://doi.org/10.1139/f2011-025> https://doi.org/10.1139/f2011-025</a> </blockquote>",NA,"LenComp",2022-05-30 13:20:49,"StartTime: Fri May 27 09:57:36 2022"
"comp_lenfit_flt4mkt1.png","Length comps, discard, TR_SP.<br><br>'N input' is the input sample size. 'N adj.' is the sample size after adjustment by the Dirichlet-Multinomial <i>&#920</i> parameter based on the formula N adj. = 1 / (1+<i>&#920</i>) + N * <i>&#920</i> / (1+<i>&#920</i>). <br><br>For this fleet, <i>&#920</i> = 2.65 and the sample size multiplier is approximately <i>&#920</i> / (1+<i>&#920</i>) = 0.726<br><br>For more info, see<br><blockquote>Thorson, J.T., Johnson, K.F., Methot, R.D. and Taylor, I.G. 2017. Model-based estimates of effective sample size in stock assessment models using the Dirichlet-multinomial distribution. <i>Fisheries Research</i>192: 84-93. <a href=https://doi.org/10.1016/j.fishres.2016.06.005>https://doi.org/10.1016/j.fishres.2016.06.005</a></blockquote>",NA,"LenComp",2022-05-30 13:20:49,"StartTime: Fri May 27 09:57:36 2022"
"comp_lenfit_residsflt4mkt1.png","Pearson residuals, discard, TR_SP (max=13.63) <br> 
Closed bubbles are positive residuals (observed > expected) and open bubbles are negative residuals (observed < expected).",NA,"LenComp",2022-05-30 13:20:49,"StartTime: Fri May 27 09:57:36 2022"
"comp_lenfit_data_weighting_TA1.8_TR_SP.png","WARNING: this figure is based on multinomial likelihood and has not been updated to account for Dirichlet-Multinomial likelihood and the sample size adjustment associated with the estimated log(<i>&#920</i>) parameters.<br><br> Mean length for TR_SP with 95% confidence intervals based on current samples sizes.<br>Francis data weighting method TA1.8: thinner intervals (with capped ends) show result of further adjusting sample sizes based on suggested multiplier (with 95% interval) for len data from TR_SP:<br>0.4134 (0.2928-0.7352) <br><br>For more info, see<br> <blockquote>Francis, R.I.C.C. (2011). Data weighting in statistical fisheries stock assessment models. <i>Can. J. Fish. Aquat. Sci.</i> 68: 1124-1138.  <a href=https://doi.org/10.1139/f2011-025> https://doi.org/10.1139/f2011-025</a> </blockquote>",NA,"LenComp",2022-05-30 13:20:49,"StartTime: Fri May 27 09:57:36 2022"
"comp_lenfit_flt4mkt2_page1.png","Length comps, retained, TR_SP (plot 1 of 2).<br><br>'N input' is the input sample size. 'N adj.' is the sample size after adjustment by the Dirichlet-Multinomial <i>&#920</i> parameter based on the formula N adj. = 1 / (1+<i>&#920</i>) + N * <i>&#920</i> / (1+<i>&#920</i>). <br><br>For this fleet, <i>&#920</i> = 2.65 and the sample size multiplier is approximately <i>&#920</i> / (1+<i>&#920</i>) = 0.726<br><br>For more info, see<br><blockquote>Thorson, J.T., Johnson, K.F., Methot, R.D. and Taylor, I.G. 2017. Model-based estimates of effective sample size in stock assessment models using the Dirichlet-multinomial distribution. <i>Fisheries Research</i>192: 84-93. <a href=https://doi.org/10.1016/j.fishres.2016.06.005>https://doi.org/10.1016/j.fishres.2016.06.005</a></blockquote>",NA,"LenComp",2022-05-30 13:20:49,"StartTime: Fri May 27 09:57:36 2022"
"comp_lenfit_flt4mkt2_page2.png","Length comps, retained, TR_SP (plot 1 of 2).<br><br>'N input' is the input sample size. 'N adj.' is the sample size after adjustment by the Dirichlet-Multinomial <i>&#920</i> parameter based on the formula N adj. = 1 / (1+<i>&#920</i>) + N * <i>&#920</i> / (1+<i>&#920</i>). <br><br>For this fleet, <i>&#920</i> = 2.65 and the sample size multiplier is approximately <i>&#920</i> / (1+<i>&#920</i>) = 0.726<br><br>For more info, see<br><blockquote>Thorson, J.T., Johnson, K.F., Methot, R.D. and Taylor, I.G. 2017. Model-based estimates of effective sample size in stock assessment models using the Dirichlet-multinomial distribution. <i>Fisheries Research</i>192: 84-93. <a href=https://doi.org/10.1016/j.fishres.2016.06.005>https://doi.org/10.1016/j.fishres.2016.06.005</a></blockquote> (plot 2 of 2)",NA,"LenComp",2022-05-30 13:20:49,"StartTime: Fri May 27 09:57:36 2022"
"comp_lenfit_residsflt4mkt2_page2.png","Pearson residuals, retained, TR_SP (max=25.3) (plot 2 of 2) <br> 
Closed bubbles are positive residuals (observed > expected) and open bubbles are negative residuals (observed < expected).",NA,"LenComp",2022-05-30 13:20:49,"StartTime: Fri May 27 09:57:36 2022"
"comp_lenfit_data_weighting_TA1.8_TR_SP.png","WARNING: this figure is based on multinomial likelihood and has not been updated to account for Dirichlet-Multinomial likelihood and the sample size adjustment associated with the estimated log(<i>&#920</i>) parameters.<br><br> Mean length for TR_SP with 95% confidence intervals based on current samples sizes.<br>Francis data weighting method TA1.8: thinner intervals (with capped ends) show result of further adjusting sample sizes based on suggested multiplier (with 95% interval) for len data from TR_SP:<br>0.4134 (0.2893-0.6975) <br><br>For more info, see<br> <blockquote>Francis, R.I.C.C. (2011). Data weighting in statistical fisheries stock assessment models. <i>Can. J. Fish. Aquat. Sci.</i> 68: 1124-1138.  <a href=https://doi.org/10.1139/f2011-025> https://doi.org/10.1139/f2011-025</a> </blockquote>",NA,"LenComp",2022-05-30 13:20:49,"StartTime: Fri May 27 09:57:36 2022"
"comp_lenfit_flt5mkt0.png","Length comps, whole catch, FR-IE-IBTS.<br><br>'N input' is the input sample size. 'N adj.' is the sample size after adjustment by the Dirichlet-Multinomial <i>&#920</i> parameter based on the formula N adj. = 1 / (1+<i>&#920</i>) + N * <i>&#920</i> / (1+<i>&#920</i>). <br><br>For this fleet, <i>&#920</i> = 2.674 and the sample size multiplier is approximately <i>&#920</i> / (1+<i>&#920</i>) = 0.728<br><br>For more info, see<br><blockquote>Thorson, J.T., Johnson, K.F., Methot, R.D. and Taylor, I.G. 2017. Model-based estimates of effective sample size in stock assessment models using the Dirichlet-multinomial distribution. <i>Fisheries Research</i>192: 84-93. <a href=https://doi.org/10.1016/j.fishres.2016.06.005>https://doi.org/10.1016/j.fishres.2016.06.005</a></blockquote>",NA,"LenComp",2022-05-30 13:20:49,"StartTime: Fri May 27 09:57:36 2022"
"comp_lenfit_residsflt5mkt0.png","Pearson residuals, whole catch, FR-IE-IBTS (max=8.75) <br> 
Closed bubbles are positive residuals (observed > expected) and open bubbles are negative residuals (observed < expected).",NA,"LenComp",2022-05-30 13:20:49,"StartTime: Fri May 27 09:57:36 2022"
"comp_lenfit_data_weighting_TA1.8_FR-IE-IBTS.png","WARNING: this figure is based on multinomial likelihood and has not been updated to account for Dirichlet-Multinomial likelihood and the sample size adjustment associated with the estimated log(<i>&#920</i>) parameters.<br><br> Mean length for FR-IE-IBTS with 95% confidence intervals based on current samples sizes.<br>Francis data weighting method TA1.8: thinner intervals (with capped ends) show result of further adjusting sample sizes based on suggested multiplier (with 95% interval) for len data from FR-IE-IBTS:<br>0.1009 (0.0697-0.2067) <br><br>For more info, see<br> <blockquote>Francis, R.I.C.C. (2011). Data weighting in statistical fisheries stock assessment models. <i>Can. J. Fish. Aquat. Sci.</i> 68: 1124-1138.  <a href=https://doi.org/10.1139/f2011-025> https://doi.org/10.1139/f2011-025</a> </blockquote>",NA,"LenComp",2022-05-30 13:20:49,"StartTime: Fri May 27 09:57:36 2022"
"comp_lenfit_flt6mkt0.png","Length comps, whole catch, IE_MONKSURVEY.<br><br>'N input' is the input sample size. 'N adj.' is the sample size after adjustment by the Dirichlet-Multinomial <i>&#920</i> parameter based on the formula N adj. = 1 / (1+<i>&#920</i>) + N * <i>&#920</i> / (1+<i>&#920</i>). <br><br>For this fleet, <i>&#920</i> = 129.806 and the sample size multiplier is approximately <i>&#920</i> / (1+<i>&#920</i>) = 0.992<br><br>For more info, see<br><blockquote>Thorson, J.T., Johnson, K.F., Methot, R.D. and Taylor, I.G. 2017. Model-based estimates of effective sample size in stock assessment models using the Dirichlet-multinomial distribution. <i>Fisheries Research</i>192: 84-93. <a href=https://doi.org/10.1016/j.fishres.2016.06.005>https://doi.org/10.1016/j.fishres.2016.06.005</a></blockquote>",NA,"LenComp",2022-05-30 13:20:49,"StartTime: Fri May 27 09:57:36 2022"
"comp_lenfit_residsflt6mkt0.png","Pearson residuals, whole catch, IE_MONKSURVEY (max=3.89) <br> 
Closed bubbles are positive residuals (observed > expected) and open bubbles are negative residuals (observed < expected).",NA,"LenComp",2022-05-30 13:20:49,"StartTime: Fri May 27 09:57:36 2022"
"comp_lenfit_data_weighting_TA1.8_IE_MONKSURVEY.png","WARNING: this figure is based on multinomial likelihood and has not been updated to account for Dirichlet-Multinomial likelihood and the sample size adjustment associated with the estimated log(<i>&#920</i>) parameters.<br><br> Mean length for IE_MONKSURVEY with 95% confidence intervals based on current samples sizes.<br>Francis data weighting method TA1.8: thinner intervals (with capped ends) show result of further adjusting sample sizes based on suggested multiplier (with 95% interval) for len data from IE_MONKSURVEY:<br>0.5029 (0.3422-2.5433) <br><br>For more info, see<br> <blockquote>Francis, R.I.C.C. (2011). Data weighting in statistical fisheries stock assessment models. <i>Can. J. Fish. Aquat. Sci.</i> 68: 1124-1138.  <a href=https://doi.org/10.1139/f2011-025> https://doi.org/10.1139/f2011-025</a> </blockquote>",NA,"LenComp",2022-05-30 13:20:49,"StartTime: Fri May 27 09:57:36 2022"
"comp_lenfit_flt7mkt0.png","Length comps, whole catch, SPGFS.<br><br>'N input' is the input sample size. 'N adj.' is the sample size after adjustment by the Dirichlet-Multinomial <i>&#920</i> parameter based on the formula N adj. = 1 / (1+<i>&#920</i>) + N * <i>&#920</i> / (1+<i>&#920</i>). <br><br>For this fleet, <i>&#920</i> = 3.467 and the sample size multiplier is approximately <i>&#920</i> / (1+<i>&#920</i>) = 0.776<br><br>For more info, see<br><blockquote>Thorson, J.T., Johnson, K.F., Methot, R.D. and Taylor, I.G. 2017. Model-based estimates of effective sample size in stock assessment models using the Dirichlet-multinomial distribution. <i>Fisheries Research</i>192: 84-93. <a href=https://doi.org/10.1016/j.fishres.2016.06.005>https://doi.org/10.1016/j.fishres.2016.06.005</a></blockquote>",NA,"LenComp",2022-05-30 13:20:49,"StartTime: Fri May 27 09:57:36 2022"
"comp_lenfit_residsflt7mkt0.png","Pearson residuals, whole catch, SPGFS (max=8.77) <br> 
Closed bubbles are positive residuals (observed > expected) and open bubbles are negative residuals (observed < expected).",NA,"LenComp",2022-05-30 13:20:49,"StartTime: Fri May 27 09:57:36 2022"
"comp_lenfit_data_weighting_TA1.8_SPGFS.png","WARNING: this figure is based on multinomial likelihood and has not been updated to account for Dirichlet-Multinomial likelihood and the sample size adjustment associated with the estimated log(<i>&#920</i>) parameters.<br><br> Mean length for SPGFS with 95% confidence intervals based on current samples sizes.<br>Francis data weighting method TA1.8: thinner intervals (with capped ends) show result of further adjusting sample sizes based on suggested multiplier (with 95% interval) for len data from SPGFS:<br>0.2534 (0.1691-0.4902) <br><br>For more info, see<br> <blockquote>Francis, R.I.C.C. (2011). Data weighting in statistical fisheries stock assessment models. <i>Can. J. Fish. Aquat. Sci.</i> 68: 1124-1138.  <a href=https://doi.org/10.1139/f2011-025> https://doi.org/10.1139/f2011-025</a> </blockquote>",NA,"LenComp",2022-05-30 13:20:49,"StartTime: Fri May 27 09:57:36 2022"
"sexratio_len_flt5mkt0.png","Sex ratios for length comps, whole catch, FR-IE-IBTS.<br>Observed sex ratios (points) with 75% intervals (vertical lines) calculated as a <a href='https://www.jstor.org/stable/2676784'>Jeffreys interval</a> based on the adjusted input sample size. The model expectation is shown  in the purple line.",NA,"LenComp",2022-05-30 13:20:49,"StartTime: Fri May 27 09:57:36 2022"
"sexratio_len_flt6mkt0.png","Sex ratios for length comps, whole catch, IE_MONKSURVEY.<br>Observed sex ratios (points) with 75% intervals (vertical lines) calculated as a <a href='https://www.jstor.org/stable/2676784'>Jeffreys interval</a> based on the adjusted input sample size. The model expectation is shown  in the purple line.",NA,"LenComp",2022-05-30 13:20:49,"StartTime: Fri May 27 09:57:36 2022"
"yield1_yield_curve.png","Yield curve",NA,"Yield",2022-05-30 13:20:49,"StartTime: Fri May 27 09:57:36 2022"
"yield2_yield_curve_with_refpoints.png","Yield curve with reference points",NA,"Yield",2022-05-30 13:20:49,"StartTime: Fri May 27 09:57:36 2022"
"yield3_surplus_production.png","Surplus production vs. biomass plot. For interpretation, see<br> <blockquote>Walters, Hilborn, and  Christensen, 2008, Surplus production dynamics in declining and recovering fish populations. <i>Can. J. Fish. Aquat. Sci.</i> 65: 2536-2551.</blockquote>",NA,"Yield",2022-05-30 13:20:49,"StartTime: Fri May 27 09:57:36 2022"
"yield4_YPR_timeseries.png","Time series of yield per recruit (kg)",NA,"Yield",2022-05-30 13:20:49,"StartTime: Fri May 27 09:57:36 2022"
"data_plot.png","Data presence by year for each fleet and data type.",NA,"Data",2022-05-30 13:20:49,"StartTime: Fri May 27 09:57:36 2022"
"data_plot2.png","Data presence by year for each fleet, where circle area is <br>  relative within a data type. Circles are proportional to <br>  total catch for catches; to precision for indices, discards, and <br>  mean body weight observations; and to total sample size for <br> compositions and mean weight- or length-at-age observations. <br> 'Ghost' observations (not included in the likelihood) have <br> equal size for all years. <br> Note that since the circles are are scaled relative <br>  to maximum within each type, the scaling within separate plots <br>  should not be compared.",NA,"Data",2022-05-30 13:20:49,"StartTime: Fri May 27 09:57:36 2022"
"parameter_distributions_page1.png","Parameter distribution plots (plot 1 of 5). <br>Deviation parameters are not included. <br>F parameters are not included. <br>Plotting range is equal to input limits on parameters. Use fitrange = TRUE to scale the range to the estimates.",NA,"Pars",2022-05-30 13:20:49,"StartTime: Fri May 27 09:57:36 2022"
"parameter_distributions_page2.png","Parameter distribution plots (plot 2 of 5).",NA,"Pars",2022-05-30 13:20:49,"StartTime: Fri May 27 09:57:36 2022"
"parameter_distributions_page3.png","Parameter distribution plots (plot 3 of 5).",NA,"Pars",2022-05-30 13:20:49,"StartTime: Fri May 27 09:57:36 2022"
"parameter_distributions_page4.png","Parameter distribution plots (plot 4 of 5).",NA,"Pars",2022-05-30 13:20:49,"StartTime: Fri May 27 09:57:36 2022"
"parameter_distributions_page5.png","Parameter distribution plots (plot 5 of 5).",NA,"Pars",2022-05-30 13:20:49,"StartTime: Fri May 27 09:57:36 2022"
"parameterchecks.html","Table of estimated parameters (excluding deviation parameters) sorted by parameters with the largest gradients; any parameter with a gradient value with an absolute value above 0.001 (for SS 3.30 models) or a parameter on bounds is colored in red.",NA,"DiagnosticTables",2022-05-30 13:20:49,"StartTime: Fri May 27 09:57:36 2022"
